nama,harga,diskon,terjual,kota,url_produk
Samsung Galaxy A07 - 4/64Gb,1319000,0.12,27300,Kota Depok,https://www.lazada.co.id/products/pdp-i6999600579.html
Samsung Galaxy A07 4/64 - Power Pack,1399000,0.0,1600,Kota Depok,https://www.lazada.co.id/products/pdp-i8779674474.html
Samsung Galaxy A56 5g 12/256Gb - [Upgrade from 8/256 Gb] |   Galaxy Ai |   Ai Smartphone |   45W Super Fast Charge,6999000,0.03,1200,Kota Depok,https://www.lazada.co.id/products/pdp-i6381964562.html
Samsung 32 HD he50e TV | HDR | OTS Lite | one UI Tizen | slim design | ua32he50efklxd,2038000,0.36,6700,Kota Depok,https://www.lazada.co.id/products/pdp-i8606914553.html
"Samsung Smart TV 43"" QLED 4K Q7F - Q4 AI Processor - Samsung Knox Security - QA43Q7FAAKXXD",4856000,0.07,0,Kota Depok,https://www.lazada.co.id/products/pdp-i8822886247.html
Samsung Galaxy A16 - 8/128Gb,2359000,0.21,10600,Kota Depok,https://www.lazada.co.id/products/pdp-i7454972987.html
Samsung Galaxy Fit3,798000,0.11,2100,Kota Depok,https://www.lazada.co.id/products/pdp-i7989394790.html
Samsung Galaxy A07 - 4/128Gb,1606000,0.03,4100,Kota Depok,https://www.lazada.co.id/products/pdp-i5484840739.html
Samsung Galaxy A56 5g 8/256Gb - [Upgrade from 8/128 Gb] |   Galaxy Ai |   Ai Smartphone |   45W Super Fast Charge,5579000,0.17,1600,Kota Depok,https://www.lazada.co.id/products/pdp-i6291076779.html
Samsung Galaxy Watch FE,3099000,0.06,43,Kota Depok,https://www.lazada.co.id/products/pdp-i8148436162.html
Samsung Galaxy A26 5G ALL NRM - 8GB/128GB,3399000,0.06,616,Kota Depok,https://www.lazada.co.id/products/pdp-i6827366923.html
Samsung Galaxy A17 8/128Gb - Ai Smartphone |   Android |   5000 Mah,2759000,0.08,1900,Kota Depok,https://www.lazada.co.id/products/pdp-i8724864466.html
Samsung Galaxy A17 8/256Gb - Ai Smartphone |   Android |   5000 Mah,3143100,0.08,949,Kota Depok,https://www.lazada.co.id/products/pdp-i8724842946.html
"Samsung 43"" FHD FE60E TV | HDR | OTS Lite | One UI Tizen | UA43FE60EFKXXD",2956000,0.36,2400,Kota Depok,https://www.lazada.co.id/products/pdp-i8620338244.html
Samsung Galaxy A17 5g - 8/256Gb,3699000,0.0,1200,Kota Depok,https://www.lazada.co.id/products/pdp-i8703954147.html
Samsung Galaxy A26 5G 8/256GB - Galaxy AI | Smartphone AI | Baterai 5000mAh,3799000,0.05,3300,Kota Depok,https://www.lazada.co.id/products/pdp-i8400150765.html
Samsung Galaxy A36 5g 8/256Gb - [Upgrade from 8/128 Gb] |   Galaxy Ai |   Ai Smartphone |   Snapdragon 6 Gen 3 |   45W Super Fast Charge,4689000,0.18,4200,Kota Depok,https://www.lazada.co.id/products/pdp-i5716916825.html
Samsung Galaxy A07 - 8/256Gb,2299000,0.0,793,Kota Depok,https://www.lazada.co.id/products/pdp-i8735698789.html
"Samsung Smart TV 43 ""Crystal UHD 4K ue100f 4K | ua43ue100fkxxd",3237000,0.42,244,Kota Depok,https://www.lazada.co.id/products/pdp-i8780172361.html
"Samsung Galaxy A16 Kids Edition PAW Patrol 8/256GB - Parental Control | Termasuk Galaxy Smart Tag2, PAW Patrol Merchandise, Travel Adapter 25W, Clear Case",3399000,0.0,32,Kota Jakarta Selatan,https://www.lazada.co.id/products/pdp-i8400140778.html
"Samsung Galaxy A16 Kids Edition PAW Patrol 8/128GB - Parental Control | Termasuk Galaxy Smart Tag2, PAW Patrol Merchandise, Travel Adapter 25W, Clear Case",2999000,0.0,21,Kota Depok,https://www.lazada.co.id/products/pdp-i8400176602.html
Samsung Galaxy A36 5g 12/256Gb - [Upgrade from 8/256 Gb] |   Galaxy Ai |   Ai Smartphone |   Snapdragon 6 Gen 3 |   45W Super Fast Charge,5999000,0.03,1200,Kota Depok,https://www.lazada.co.id/products/pdp-i6290864878.html
"Samsung 55 ""Crystal UHD 4K u8000f smart TV | Crystal Processor 4K | SmartThings | ua55u8000fkxxd",5897000,0.22,16,Kota Depok,https://www.lazada.co.id/products/pdp-i8620546605.html
Samsung Galaxy Tab A11 Wifi 4/64Gb - Gray |   Parental Control |   Ip52,1888700,0.06,161,Kota Depok,https://www.lazada.co.id/products/pdp-i8747576560.html
"Samsung Galaxy Buds3 Pro - Bluetooth Earbuds, Adaptive Noise Control, Hi-Fi Sound, Dual AMP",2899000,0.12,50,Kab. Sidoarjo,https://www.lazada.co.id/products/pdp-i8169454974.html
"Samsung T420 soundbar 2.1ch, Dolby Digital, powerful bass, smart sound, Bluetooth/optical In - HW-T420/XD",1398000,0.42,9100,Kota Depok,https://www.lazada.co.id/products/pdp-i2511064648.html
Samsung Galaxy Buds3 FE,1899000,0.05,0,Kota Depok,https://www.lazada.co.id/products/pdp-i8724928087.html
Samsung S24 Clear Gadget Case,499000,0.0,92,Kota Depok,https://www.lazada.co.id/products/pdp-i7963984437.html
Samsung S23 Smart View Wallet Case,599000,0.0,24,Kota Depok,https://www.lazada.co.id/products/pdp-i7240234043.html
Samsung Galaxy Tab A9+ 4/64Gb Wi-Fi,3499000,0.0,150,Kota Depok,https://www.lazada.co.id/products/pdp-i7810286383.html
"Samsung Smart TV 50 ""QLED 4K qef1 | Q4 AI processor | Samsung KNOX security | qa50qef1akxxd",5807000,0.03,0,Kota Depok,https://www.lazada.co.id/products/pdp-i8620148881.html
Samsung Flip6  Silicone Case,599000,0.13,82,Kota Depok,https://www.lazada.co.id/products/pdp-i8181424522.html
"Samsung Galaxy Watch7 44mm - Smartwatch AI, Prosesor 3nm, Sleep Apnea Monitoring, Dual GPS",4999000,0.0,78,Kota Depok,https://www.lazada.co.id/products/pdp-i8169380589.html
Samsung Galaxy S25 Fe - 8Gb/256Gb,9999000,0.09,29,Kota Depok,https://www.lazada.co.id/products/pdp-i8724926713.html
Samsung Travel Adaptor [Random Color],500000,0.0,139,Kota Depok,https://www.lazada.co.id/products/pdp-i6324764397.html
Samsung Galaxy Tab S10 Lite 6/128Gb - Android Tablet |   Tab Ai |   Long-Lasting Battery,5999000,0.0,0,Kota Depok,https://www.lazada.co.id/products/pdp-i8724986227.html
Samsung Travel Adaptor 15W,1249000,0.0,226,Kota Depok,https://www.lazada.co.id/products/pdp-i677060160.html
Samsung Flip 5 Flap ECO - Leather Case,799000,0.2,31,Kota Depok,https://www.lazada.co.id/products/pdp-i7670040297.html
"Samsung Galaxy Buds3 - Bluetooth Earbuds, Adaptive Noise Control, Hi-Fi Sound, 360 Audio",1950000,0.15,29,Kota Depok,https://www.lazada.co.id/products/pdp-i8169488342.html
Samsung Galaxy Tab S10 FE [8GB/128GB] -AI tablet | Galaxy AI | large display,7599000,0.16,21,Kota Depok,https://www.lazada.co.id/products/pdp-i8603604185.html
Samsung Galaxy A26 5G ALL NRM - 8GB/128GB,3399000,0.06,616,Kota Depok,https://www.lazada.co.id/products/pdp-i6827366923.html
Samsung Galaxy A07 - 4/64Gb,1319000,0.12,27300,Kota Depok,https://www.lazada.co.id/products/pdp-i6999600579.html
Samsung Galaxy A16 - 8/128Gb,2359000,0.21,10600,Kota Depok,https://www.lazada.co.id/products/pdp-i7454972987.html
Samsung Galaxy A17 8/128Gb - Ai Smartphone |   Android |   5000 Mah,2759000,0.08,1900,Kota Depok,https://www.lazada.co.id/products/pdp-i8724864466.html
Samsung 32 HD he50e TV | HDR | OTS Lite | one UI Tizen | slim design | ua32he50efklxd,2038000,0.36,6700,Kota Depok,https://www.lazada.co.id/products/pdp-i8606914553.html
"Samsung Smart TV 43 ""Crystal UHD 4K ue100f 4K | ua43ue100fkxxd",3237000,0.42,244,Kota Depok,https://www.lazada.co.id/products/pdp-i8780172361.html
"Samsung 43"" FHD FE60E TV | HDR | OTS Lite | One UI Tizen | UA43FE60EFKXXD",2956000,0.36,2400,Kota Depok,https://www.lazada.co.id/products/pdp-i8620338244.html
Samsung Galaxy A07 4/64 - Power Pack,1399000,0.0,1600,Kota Depok,https://www.lazada.co.id/products/pdp-i8779674474.html
Samsung Galaxy A07 - 8/256Gb,2299000,0.0,793,Kota Depok,https://www.lazada.co.id/products/pdp-i8735698789.html
Samsung Galaxy A17 5g - 8/256Gb,3699000,0.0,1200,Kota Depok,https://www.lazada.co.id/products/pdp-i8703954147.html
Samsung Galaxy A26 5G 8/256GB - Galaxy AI | Smartphone AI | Baterai 5000mAh,3799000,0.05,3300,Kota Depok,https://www.lazada.co.id/products/pdp-i8400150765.html
Samsung Galaxy A36 5g 8/256Gb - [Upgrade from 8/128 Gb] |   Galaxy Ai |   Ai Smartphone |   Snapdragon 6 Gen 3 |   45W Super Fast Charge,4689000,0.18,4200,Kota Depok,https://www.lazada.co.id/products/pdp-i5716916825.html
Samsung Galaxy A56 5g 12/256Gb - [Upgrade from 8/256 Gb] |   Galaxy Ai |   Ai Smartphone |   45W Super Fast Charge,6999000,0.03,1200,Kota Depok,https://www.lazada.co.id/products/pdp-i6381964562.html
Samsung Galaxy A56 5g 8/256Gb - [Upgrade from 8/128 Gb] |   Galaxy Ai |   Ai Smartphone |   45W Super Fast Charge,5579000,0.17,1600,Kota Depok,https://www.lazada.co.id/products/pdp-i6291076779.html
"Samsung Galaxy A16 Kids Edition PAW Patrol 8/128GB - Parental Control | Termasuk Galaxy Smart Tag2, PAW Patrol Merchandise, Travel Adapter 25W, Clear Case",2999000,0.0,21,Kota Depok,https://www.lazada.co.id/products/pdp-i8400176602.html
"Samsung Galaxy A16 Kids Edition PAW Patrol 8/256GB - Parental Control | Termasuk Galaxy Smart Tag2, PAW Patrol Merchandise, Travel Adapter 25W, Clear Case",3399000,0.0,32,Kota Jakarta Selatan,https://www.lazada.co.id/products/pdp-i8400140778.html
Samsung Galaxy A17 8/256Gb - Ai Smartphone |   Android |   5000 Mah,3143100,0.08,949,Kota Depok,https://www.lazada.co.id/products/pdp-i8724842946.html
Samsung Galaxy Tab A11 Wifi 4/64Gb - Gray |   Parental Control |   Ip52,1888700,0.06,161,Kota Depok,https://www.lazada.co.id/products/pdp-i8747576560.html
"Samsung Smart TV 43"" QLED 4K Q7F - Q4 AI Processor - Samsung Knox Security - QA43Q7FAAKXXD",4856000,0.07,0,Kota Depok,https://www.lazada.co.id/products/pdp-i8822886247.html
Samsung Galaxy A07 - 4/128Gb,1606000,0.03,4100,Kota Depok,https://www.lazada.co.id/products/pdp-i5484840739.html
Samsung Galaxy Fit3,798000,0.11,2100,Kota Depok,https://www.lazada.co.id/products/pdp-i7989394790.html
"Samsung T420 soundbar 2.1ch, Dolby Digital, powerful bass, smart sound, Bluetooth/optical In - HW-T420/XD",1398000,0.42,9100,Kota Depok,https://www.lazada.co.id/products/pdp-i2511064648.html
"Samsung Galaxy Buds3 Pro - Bluetooth Earbuds, Adaptive Noise Control, Hi-Fi Sound, Dual AMP",2899000,0.12,50,Kab. Sidoarjo,https://www.lazada.co.id/products/pdp-i8169454974.html
Samsung S23 Smart View Wallet Case,599000,0.0,24,Kota Depok,https://www.lazada.co.id/products/pdp-i7240234043.html
"Samsung 55 ""Crystal UHD 4K u8000f smart TV | Crystal Processor 4K | SmartThings | ua55u8000fkxxd",5897000,0.22,16,Kota Depok,https://www.lazada.co.id/products/pdp-i8620546605.html
Samsung Galaxy Buds3 FE,1899000,0.05,0,Kota Depok,https://www.lazada.co.id/products/pdp-i8724928087.html
Samsung S24 Clear Gadget Case,499000,0.0,92,Kota Depok,https://www.lazada.co.id/products/pdp-i7963984437.html
Samsung Galaxy Tab A9+ 4/64Gb Wi-Fi,3499000,0.0,150,Kota Depok,https://www.lazada.co.id/products/pdp-i7810286383.html
Samsung Flip6  Silicone Case,599000,0.13,82,Kota Depok,https://www.lazada.co.id/products/pdp-i8181424522.html
Samsung Travel Adaptor [Random Color],500000,0.0,139,Kota Depok,https://www.lazada.co.id/products/pdp-i6324764397.html
Samsung Galaxy A36 5g 12/256Gb - [Upgrade from 8/256 Gb] |   Galaxy Ai |   Ai Smartphone |   Snapdragon 6 Gen 3 |   45W Super Fast Charge,5999000,0.03,1200,Kota Depok,https://www.lazada.co.id/products/pdp-i6290864878.html
Samsung Travel Adaptor 15W,1249000,0.0,226,Kota Depok,https://www.lazada.co.id/products/pdp-i677060160.html
"Samsung Galaxy Watch7 44mm - Smartwatch AI, Prosesor 3nm, Sleep Apnea Monitoring, Dual GPS",4999000,0.0,78,Kota Depok,https://www.lazada.co.id/products/pdp-i8169380589.html
"Samsung Smart TV 50 ""QLED 4K qef1 | Q4 AI processor | Samsung KNOX security | qa50qef1akxxd",5807000,0.03,0,Kota Depok,https://www.lazada.co.id/products/pdp-i8620148881.html
Samsung Galaxy Watch FE,3099000,0.06,43,Kota Depok,https://www.lazada.co.id/products/pdp-i8148436162.html
Samsung Flip 5 Flap ECO - Leather Case,799000,0.2,31,Kota Depok,https://www.lazada.co.id/products/pdp-i7670040297.html
"Samsung Galaxy Buds3 - Bluetooth Earbuds, Adaptive Noise Control, Hi-Fi Sound, 360 Audio",1950000,0.15,29,Kota Depok,https://www.lazada.co.id/products/pdp-i8169488342.html
Samsung Galaxy S25 Fe - 8Gb/256Gb,9999000,0.09,29,Kota Depok,https://www.lazada.co.id/products/pdp-i8724926713.html
Samsung Galaxy Tab S10 Lite 6/128Gb - Android Tablet |   Tab Ai |   Long-Lasting Battery,5999000,0.0,0,Kota Depok,https://www.lazada.co.id/products/pdp-i8724986227.html
Samsung Galaxy Tab S10 FE [8GB/128GB] -AI tablet | Galaxy AI | large display,7599000,0.16,21,Kota Depok,https://www.lazada.co.id/products/pdp-i8603604185.html
Samung Galaxy Tab S10 Lite Wifi 6/128Gb - Android Tablet |   Tab Ai |   Long-Lasting Battery,4799000,0.04,0,Kota Depok,https://www.lazada.co.id/products/pdp-i8724934956.html
Samsung Galaxy Watch8 40mm - Bluetooth |   Smart Watch with Ai |   3Nm Processor |   Sleep Coaching,5299000,0.04,9,Kota Depok,https://www.lazada.co.id/products/pdp-i8661474748.html
[TIDAK DI JUAL] Samsung Galaxy Buds3 - White,2599000,0.0,10,Kota Depok,https://www.lazada.co.id/products/pdp-i1960506646.html
Samsung Galaxy Watch8 44mm - Bluetooth |   Smart Watch with Ai |   3Nm Processor |   Sleep Coaching,4999000,0.17,0,Kota Depok,https://www.lazada.co.id/products/pdp-i8661558368.html
Samsung Galaxy Watch6 Classic 47mm Bluetooth,5499000,0.08,51,Kota Depok,https://www.lazada.co.id/products/pdp-i7645802870.html
Samsung Galaxy Watch8 Classic 46mm - Bluetooth Smart Watch Ai |   Rotating Bezel |   3Nm Processor,6299000,0.1,0,Kota Depok,https://www.lazada.co.id/products/pdp-i8661510882.html
"Samsung Galaxy Watch Ultra - Smartwatch AI, Prosesor 3nm, Ultra Durability, Dual GPS System",7999000,0.11,52,Kota Depok,https://www.lazada.co.id/products/pdp-i8370272421.html
"Samsung Smart TV 55 ""Crystal UHD 4K ue100f 4K | ua55ue100fkxxd",5907000,0.31,0,Kota Depok,https://www.lazada.co.id/products/pdp-i8780166992.html
Samsung Galaxy Tab S9 FE+ 12GB_256GB,10999000,0.0,74,Kota Depok,https://www.lazada.co.id/products/pdp-i7734324975.html
Samsung Galaxy Tab S10 Fe + WiFi [12GB/256GB],11059000,0.0,0,Kota Depok,https://www.lazada.co.id/products/pdp-i8603598411.html
Samsung Galaxy Z Flip7 12/256Gb - Ai Smartphone |   Foldable Cellphone |   50Mp Camera |   4300Mah,17999000,0.0,0,Kota Depok,https://www.lazada.co.id/products/pdp-i8655268369.html
Samsung Galaxy Z Fold7 12/512Gb - Ai Smartphone |   Thin Folding Cellphone |   200Mp Camera |   4400Mah,31499000,0.0,20,Kota Depok,https://www.lazada.co.id/products/pdp-i8655242998.html
Samsung Galaxy Tab S8 Ultra 12GB/256GB,99999000,0.0,68,Kota Depok,https://www.lazada.co.id/products/pdp-i6151784929.html
Samsung Galaxy Tab S11 Ultra 5g 12/256Gb - Gray |   Ai Tablet |   Android Tab |   Long-Lasting Battery |   Large Screen |   Samsung Dex,22999000,0.0,0,Kota Depok,https://www.lazada.co.id/products/pdp-i8735626859.html
Samsung Galaxy Z Fold7 12/256Gb - Ai Smartphone |   Thin Folding Cellphone |   200Mp Camera,28499000,0.0,0,Kota Depok,https://www.lazada.co.id/products/pdp-i8655254412.html
Samsung Galaxy Tab S11 Wifi 12/256Gb - Gray |   Ai Tablet |   Android Tab |   Long-Lasting Battery |   Samsung Dex,14999000,0.0,0,Kota Depok,https://www.lazada.co.id/products/pdp-i8735684950.html
Samsung A33 5g,780000,0.0,42,Kota Palembang,https://www.lazada.co.id/products/pdp-i7653034764.html
Samsung Tab 2 7inci BERGARANSIiiiiiii,255000,0.07,336,Kab. Cirebon,https://www.lazada.co.id/products/pdp-i7114400424.html
Samsung Galaxy A07 4/64GB 4/128GB 6/128GB & 8/256GB-1 year official warranty,1330000,0.0,819,Kota Jakarta Barat,https://www.lazada.co.id/products/pdp-i8710102296.html
samsung a32,650000,0.0,0,Kota Tangerang Selatan,https://www.lazada.co.id/products/pdp-i7387472246.html
Samsung Fm3 Cellphone (Keystone3) Second Hand Original Samsung Cellphone,95000,0.0,0,Kab. Cirebon,https://www.lazada.co.id/products/pdp-i8815672872.html
DI JUAL MURAH DAN CEPAT HP SAMSUNG GALAXY V/V+ BEKAS PAKAI NO MINUS NORMAL BERKUALITAS,48750,0.03,160,Kab. Cirebon,https://www.lazada.co.id/products/pdp-i8283098574.html
Tablet Android Samsung 3v/3 Murah Cocok buat wa fb YouTube dan game anak bergaransi terjamin termurah,399000,0.27,31,Kab. Probolinggo,https://www.lazada.co.id/products/pdp-i7914574818.html
Hp Samsung A14 5g Ram 6/128Gb Fullset 12 Month Guarantee Cod Available,1299000,0.4,0,Kota Jakarta Barat,https://www.lazada.co.id/products/pdp-i8818364326.html
Samsung Galaxy A06 5g 6/128Gb - Black,850000,0.0,0,Kab. Bandung,https://www.lazada.co.id/products/pdp-i8702784042.html
Cheap Samsung A14 Ram 6/128,800000,0.0,0,Kab. Bekasi,https://www.lazada.co.id/products/pdp-i8802888303.html
Samsung Galaxy A06 6/128GB new Promo,1299000,0.0,0,Kab. Majalengka,https://www.lazada.co.id/products/pdp-i8642392567.html
Samsung a5 2016,80000,0.0,0,Kota Magelang,https://www.lazada.co.id/products/pdp-i8714318589.html
Samsung Galaxy A15 5G & 4G 8GB/256GB 6.5 FHD + Super AMOLED official warranty-extra packing,1850000,0.08,21,Kota Jakarta Selatan,https://www.lazada.co.id/products/pdp-i8243162329.html
SAMSUNG GALAXY A04 RAM 4/64GB GARANSI RESMI,1399000,0.0,0,Kab. Nganjuk,https://www.lazada.co.id/products/pdp-i7871578314.html
samsung a03 core,1150000,0.0,0,Kab. Rembang,https://www.lazada.co.id/products/pdp-i7327048689.html
"Samsung Galaxy A17 5G 8GB 256GB Screen 6.7 ""Super AMOLED 90Hz Exynos 1330 IP54 certified",3300000,0.0,0,Kota Jakarta Barat,https://www.lazada.co.id/products/pdp-i8822998173.html
"Samsung Galaxy A15 8/128GB - Blue Black

garansi resmi",2300000,0.04,0,Kota Jakarta Selatan,https://www.lazada.co.id/products/pdp-i8419970848.html
Samsung Galaxy J2 Prime Sm-3G532G-Ds,80000,0.2,0,Kab. Tangerang,https://www.lazada.co.id/products/pdp-i8728570618.html
samsung a04e,1187000,0.0,0,Kab. Rembang,https://www.lazada.co.id/products/pdp-i7538296932.html
Samsung J5 j500g custom ROM Android 10 ready to use Read description,245000,0.0,0,Kab. Banyuwangi,https://www.lazada.co.id/products/pdp-i8824136363.html
Samsung Galaxy A26 5G 8/256GB,3000000,0.0,0,Kab. Bekasi,https://www.lazada.co.id/products/pdp-i8783588500.html
"Samsung Lakota Gt-C3322 Normal, Worth Using, All Operators' Networks Minus Reading the Description",95000,0.0,0,Kab. Tegal,https://www.lazada.co.id/products/pdp-i8786112013.html
Samsung J4 Plus Second Hand,415000,0.0,0,Kab. Karanganyar,https://www.lazada.co.id/products/pdp-i8804968268.html
"Samsung A10S Minus Normal Touch Screen Crack, Still Suitable for Use, Selling the Unit Only",400000,0.0,0,Kab. Bandung,https://www.lazada.co.id/products/pdp-i8817996766.html
Used/Second Hand Samsung J2 Prime,195000,0.0,0,Kab. Tasikmalaya,https://www.lazada.co.id/products/pdp-i8807522985.html
samsung a14 4/128,2199000,0.0,0,Kab. Rembang,https://www.lazada.co.id/products/pdp-i7599884670.html
Samsung A16 5G RAM 8 GB/ 256 GB,1700000,0.0,0,Kota Tangerang Selatan,https://www.lazada.co.id/products/pdp-i8624008420.html
Special Promotion! !! Samsung Galaxy A05S & A05 Ram 6/128 Gb Snapdragon 680 / 50 Mp Camera,1040000,0.13,100,Kota Jakarta Selatan,https://www.lazada.co.id/products/pdp-i8140970485.html
"[Promo] Samsung A15 5g 8/256Gb Fullset Cellphone, Trustworthy and Reliable",1399000,0.3,0,Kota Jakarta Barat,https://www.lazada.co.id/products/pdp-i8817044976.html
Deals!!! Samsung A72 8/256 Samsung A72 original full set [cashback 100rb],3031650,0.7,24,Kota Jakarta Barat,https://www.lazada.co.id/products/pdp-i7708118083.html
Samsung A32 6/128,2000000,0.0,0,Kab. Bandung Barat,https://www.lazada.co.id/products/pdp-i8745314817.html
PROMO !! SAMSUNG GALAXY S9+ PLUS  S9 PLUS 6/64 - ORIGINAL EX RESMI SEIN RAM 6GB ROM 64GB  -  FULLSET,2775000,0.6,71,Kota Jakarta Barat,https://www.lazada.co.id/products/pdp-i6941800954.html
Samsung Galaxy J Docomo Sc-02F Sgh-N075T 4g Lte 3Gb/16Gb 3Gb/32Gb,149999,0.0,0,Kab. Cirebon,https://www.lazada.co.id/products/pdp-i8796714840.html
Samsung Grand Prime Minus Used Second Normal Condition,100000,0.23,0,Kab. Cirebon,https://www.lazada.co.id/products/pdp-i8779956462.html
Samsung A14 fulset nominus gransi resmi ori,1210500,0.17,28,Kab. Bogor,https://www.lazada.co.id/products/pdp-i7965614779.html
"Samsung 340XAA
Processor : Intel Celeron N3865U
Ram : 4GB
SSD  : 128GB",1280000,0.0,0,Kab. Cianjur,https://www.lazada.co.id/products/pdp-i8632136483.html
SAMSUNG A05s 6/128,2099000,0.05,0,Kota Surabaya,https://www.lazada.co.id/products/pdp-i8312454810.html
Samsung A12 4/64Gb Second Hand Ex Inter Original Without Wifi Only,600000,0.33,0,Kota Tangerang,https://www.lazada.co.id/products/pdp-i8813294942.html
samsung j4+,600000,0.0,0,Kab. Tegal,https://www.lazada.co.id/products/pdp-i7750878880.html
Cheap Samsung J2 Prime Normal Second Hand Ready to Use,245000,0.0,0,Kab. Cirebon,https://www.lazada.co.id/products/pdp-i8816838434.html
CUCI GUDANG HP SAMSUNG J2 PRIME SECOND NORMAL SIAP PAKAI,140000,0.0,116,Kab. Cirebon,https://www.lazada.co.id/products/pdp-i8141944137.html
Best Selling Samsung Galaxy J2Prem Hp Normal Ready to Use Second Quality,142100,0.02,14,Kab. Cirebon,https://www.lazada.co.id/products/pdp-i8709102480.html
Samsung a10s,325000,0.07,0,Kab. Bandung,https://www.lazada.co.id/products/pdp-i8214074983.html
Samsung Tab 4 T231 Normal,295000,0.35,68,Kab. Cirebon,https://www.lazada.co.id/products/pdp-i6417396693.html
HP SAMSUNG GT-E1272 (BARU) [GARANSI 1 TAHUN] HP Lipat Klasik Dual SIM,158013,0.12,8500,Kota Jakarta Utara,https://www.lazada.co.id/products/pdp-i5935708714.html
Used Hp Matot Samsung J5 Sm-G570Y/Ds & J2 Sm-G532G/Ds,35000,0.0,0,Kab. Nganjuk,https://www.lazada.co.id/products/pdp-i8798070492.html
Samsung Galaxy A07 8/256 Vs 6/128 Vs 4/128 Vs 4/64 Gb - Helio G99 - 6.7Inch Pls Lcd - Can Cod,1156320,0.17,16,Kab. Madiun,https://www.lazada.co.id/products/pdp-i8758332817.html
samsung a10s,50000,0.0,0,Kab. Cilacap,https://www.lazada.co.id/products/pdp-i8720836686.html
"Samsung Galaxy A16 Lte 8/128Gb - Black |   Fhd+ Smartphone |   Amoled Screen |   5,000 Mah Battery",2599000,0.0,288,Kab. Tangerang,https://www.lazada.co.id/products/pdp-i8703838356.html
SAMSUNG J200 4G NORMAL,160000,0.0,5,Kab. Cirebon,https://www.lazada.co.id/products/pdp-i8639364684.html
Samsung Z Fold 6 Ram 12GB Rom 256GB Second Original,13980000,0.17,0,Kota Surabaya,https://www.lazada.co.id/products/pdp-i8744204619.html
Deals!!! Samsung Galaxy Note 8 6/64 original fullset-promo promo!! Flash Sale!!,2591211,0.71,32,Kota Jakarta Barat,https://www.lazada.co.id/products/pdp-i7272708565.html
PROMO ! SAMSUNG GALAXY S10 PLUS ORIGINAL S10+ RAM 8GB ROM 128GB - 8/128  FLASH SALE !,3690750,0.63,19,Kota Jakarta Barat,https://www.lazada.co.id/products/pdp-i7505164402.html
Samsung A56 5G New seal official turn signal,4999999,0.02,0,Kab. Cianjur,https://www.lazada.co.id/products/pdp-i8816826313.html
Samsung A35 5G 8/256 official warranty,5500000,0.0,0,Kab. Sukabumi,https://www.lazada.co.id/products/pdp-i8748494860.html
PROMO 2023 ! SAMSUNG GALAXY S8+ PLUS 64GB RAM 4GB 12MP - Corning Gorilla Glass 5 - CUCI GUDANG HARI INI !!!,2491111,0.75,40,Kota Jakarta Barat,https://www.lazada.co.id/products/pdp-i6940648969.html
Samsung A06 4/64Gb Fullset Second Ex Officially Original Used Normally,950000,0.14,0,Kota Tangerang,https://www.lazada.co.id/products/pdp-i8803480727.html
Samsung a02s,550000,0.0,0,Kab. Garut,https://www.lazada.co.id/products/pdp-i8807214094.html
Samsung A36 5g,5000000,0.0,0,Kab. Bogor,https://www.lazada.co.id/products/pdp-i8797836605.html
Samsung A05,1400000,0.0,0,Kab. Pangandaran,https://www.lazada.co.id/products/pdp-i8163602901.html
Samsung Galaxy Z Flip 3 8/128 Ex Official Warranty Sein Fullset,4955211,0.5,41,Kota Jakarta Barat,https://www.lazada.co.id/products/pdp-i8112692204.html
samsung A05s 6/ 128GB,2000000,0.0,0,Kota Jakarta Pusat,https://www.lazada.co.id/products/pdp-i8397608150.html
Samsung A35 5g 8/256Gb,4000000,0.0,0,Kab. Ngawi,https://www.lazada.co.id/products/pdp-i8710606779.html
Samsung A50 6/128,880000,0.0,0,Kota Serang,https://www.lazada.co.id/products/pdp-i7152164964.html
samsung a05s,1950000,0.0,0,Kab. Rembang,https://www.lazada.co.id/products/pdp-i8395794866.html
Used Samsung Galaxy Z flip 7,9500000,0.0,0,Kota Bandung,https://www.lazada.co.id/products/pdp-i8816632194.html
SAMSUNG A06 RAM 4/128 4/64GB,1395000,0.0,0,Kota Palembang,https://www.lazada.co.id/products/pdp-i8275252221.html
Samsung A14 5g 6/128Gb Fullset Cellphone with Guarantee and Can Cod,1299000,0.35,0,Kota Jakarta Barat,https://www.lazada.co.id/products/pdp-i8817050880.html
Samsung Galaxy S24 Plus 5g 12/256 Gb - Amoled 2X - Exynos,8099000,0.19,0,Kab. Madiun,https://www.lazada.co.id/products/pdp-i8818220492.html
Super Sale! !! Samsung Galaxy A12 /A12 / A14 A14 / A15 A15 (5g) (2021) Ram 6Gb Rom 128 Gb Warranty,1300000,0.07,178,Kota Jakarta Selatan,https://www.lazada.co.id/products/pdp-i6736688281.html
samsung galaxy s10,2400000,0.0,0,Kab. Sukabumi,https://www.lazada.co.id/products/pdp-i8633844708.html
Samsung Galaxy A26 256 GB 512 GB official warranty,5000000,0.0,0,Kab. Bogor,https://www.lazada.co.id/products/pdp-i8806188061.html
Samsung A7 2018,900000,0.1,0,Kab. Majalengka,https://www.lazada.co.id/products/pdp-i8381204790.html
"Samsung A01 Is Normal, Just Use It and Sell It.",450000,0.0,0,Kab. Bandung,https://www.lazada.co.id/products/pdp-i8764780582.html
"Samsung Galaxy a05s, A05 A06 4/128 GB / 6/128GB fullshet-guaranteed",1050000,0.25,72,Kota Jakarta Selatan,https://www.lazada.co.id/products/pdp-i7905700368.html
SAMSUNG GALAXY S8 4/64GB GARANSI SEIN,1990000,0.5,0,Kota Jakarta Barat,https://www.lazada.co.id/products/pdp-i7085342861.html
SAMSUNG NOTE 8 6/64GB,3000000,0.0,0,Kota Jakarta Barat,https://www.lazada.co.id/products/pdp-i8311834187.html
Samsung A56 5g Mobile Phone,5100000,0.0,0,Kab. Ngawi,https://www.lazada.co.id/products/pdp-i8712690621.html
PROMO !! SAMSUNG GALAXY S9+ PLUS  S9 PLUS 6/64 ORIGINAL EX RESMI SEIN FULLSET,2771111,0.65,0,Kota Jakarta Barat,https://www.lazada.co.id/products/pdp-i8192840257.html
Samsung a73 8/256,4000000,0.0,0,Kota Bandung,https://www.lazada.co.id/products/pdp-i8133728562.html
Cheap mobile phone festive can be for YouTube children Samsung j1mini HP normal ready to use second quality,140000,0.26,22,Kab. Cirebon,https://www.lazada.co.id/products/pdp-i8761798223.html
HP SAMSUNG J2 PRIME NORMAL SIAP PAKAI SECOND BERKUALITAS,160000,0.0,107,Kab. Cirebon,https://www.lazada.co.id/products/pdp-i8088772672.html
[Mall] ((Bonus Smart Watch)) Galaxy S25 Ultra 12/256Gb |   Snapdragon 8 Elite I 12 Months Warranty,1958000,0.35,17,Kota Jakarta Barat,https://www.lazada.co.id/products/pdp-i8703230508.html
SMARTPHONE ANDROID GALAXY A14 RAM 6/128 GB GARANSI 1 TAHUN GRESS SSEGEL DAN BARU,1049901,0.3,52,Kota Tasikmalaya,https://www.lazada.co.id/products/pdp-i8640618627.html
Samsung Galaxy A06 4g & 5g 6/128 Gb 4/128 Gb 4/64 Gb Warranty - 4/64 Gb Black,1030000,0.06,21,Kota Jakarta Selatan,https://www.lazada.co.id/products/pdp-i8340990323.html
Samsung A05 6/128 GB warranty,1113750,0.01,85,Kota Jakarta Barat,https://www.lazada.co.id/products/pdp-i8417500600.html
"Samsung Galaxy A16 4g 5g 8/128 8/256 Ram 8 128 256 Gb 8Gb 128Gb 256Gb - Gray, 4g 8/128Gb",1990000,0.05,20,Kota Jakarta Selatan,https://www.lazada.co.id/products/pdp-i8368876928.html
Selling Samsung A30S 4/64 Cellphone Minus Google Account,420000,0.0,0,Kab. Bandung Barat,https://www.lazada.co.id/products/pdp-i8812530695.html
Hp Samsung Galaxy A15 Ram 8/256Gb Fullset 12 Month Guarantee Available Cod,1399000,0.36,0,Kota Jakarta Barat,https://www.lazada.co.id/products/pdp-i8818314487.html
Cheap Samsung A04E 3/32Gb Cellphone |   A04S 4/128Gb - Guaranteed,900000,0.1,0,Kota Jakarta Barat,https://www.lazada.co.id/products/pdp-i8769682884.html
Samsung Galaxy Tab A11 4/64Gb - Gray |   Parental Control |   Ip52,2310900,0.08,187,Kota Depok,https://www.lazada.co.id/products/pdp-i8747584598.html
Samsung,300000,0.0,0,Kota Bekasi,https://www.lazada.co.id/products/pdp-i8720632349.html
Samsung Galaxy S25 Edge 256Gb Official Indonesian Warranty Sein,12000000,0.0,0,Kota Bandung,https://www.lazada.co.id/products/pdp-i8794958676.html
Samsung Galaxy S23 Ultra 4G 6.8 inch best seller free anti-scratch,1990000,0.2,0,Kab. Serang,https://www.lazada.co.id/products/pdp-i8819694923.html
Samsung A6,3000000,0.0,0,Kota Surabaya,https://www.lazada.co.id/products/pdp-i8633318156.html
SAMSUNG A16 5G,4200000,0.0,0,Kab. Sukabumi,https://www.lazada.co.id/products/pdp-i8393862280.html
SAMSUNG GALAXY A05 RAM 6/128GB GARANSI RESMI,1899000,0.0,0,Kab. Nganjuk,https://www.lazada.co.id/products/pdp-i7872258421.html
Samsung a54,3500000,0.0,0,Kota Depok,https://www.lazada.co.id/products/pdp-i7749496263.html
SAMSUNG A56 8/256GB LIKE NEW,4700000,0.0,0,Kota Jakarta Selatan,https://www.lazada.co.id/products/pdp-i8684514671.html
"SAMSUNG GALAXY S8 64GB 4GB RAM - DISPLAY Super AMOLED 5.8"" - Exynos 8895",2171112,0.46,13,Kota Jakarta Barat,https://www.lazada.co.id/products/pdp-i7082736994.html
SAMSUNG GALAXY A56 5G KUALITAS TERBARU,3400000,0.0,0,Kab. Karawang,https://www.lazada.co.id/products/pdp-i8624828281.html
Samsung Galaxy A55 5g,6000000,0.0,0,Kab. Brebes,https://www.lazada.co.id/products/pdp-i8751012808.html
Samsung android murah ram 1/8gb cocok buat apa aja normal jaya siap pakai termurah,145000,0.52,0,Kab. Probolinggo,https://www.lazada.co.id/products/pdp-i8369968082.html
SAMSUNG A14,1800000,0.0,0,Kota Surakarta (Solo),https://www.lazada.co.id/products/pdp-i8620110086.html
Samsung Galaxy A36 5g 8/256 Gb Awesome Lavender |   Galaxy Al |   Snapdragon6 |   45W,4850000,0.0,0,Kab. Ngawi,https://www.lazada.co.id/products/pdp-i8709018316.html
Mobile!!! Samsung Galaxy A15 5G 8/256 GB Super AMOLED 90Hz - NFC,1850000,0.08,24,Kota Jakarta Selatan,https://www.lazada.co.id/products/pdp-i8165186723.html
Samsung A35 5G 8/256gb Gress Baru,4550000,0.0,0,Kab. Majalengka,https://www.lazada.co.id/products/pdp-i8337820346.html
Flash Sale! !! Samsung Galaxy A34 5g / A33 5g / A32 5g 8/128 Gb - 8/256 Gb - Warranty,1750000,0.08,178,Kota Jakarta Selatan,https://www.lazada.co.id/products/pdp-i6807544880.html
PROMO !!! Samsung Galaxy Z Fold 3 - RAM 12GB / ROM 256GB GARANSI RESMI ORIGINAL MINUS LAYAR DALAM OFF,4972111,0.77,0,Kota Jakarta Barat,https://www.lazada.co.id/products/pdp-i8304668119.html
Samsung Galaxy A55 5g 12/256 - Second Hand,4500000,0.0,0,Kota Jakarta Utara,https://www.lazada.co.id/products/pdp-i8709838053.html
Samsung A56 8/256 Official Warranty,5999000,0.0,0,Kab. Pekalongan,https://www.lazada.co.id/products/pdp-i8812364004.html
Samsung a03s 4/64,1890000,0.0,0,Kab. Banyumas,https://www.lazada.co.id/products/pdp-i5926096107.html
Samsung a 52 s 5g,5800000,0.0,0,Kab. Gresik,https://www.lazada.co.id/products/pdp-i8803818173.html
Samsung A13 Ram 6\128 nominus masih mulus fullshet second rasa baru garansi resmi indonesia,1300000,0.24,148,Kab. Bogor,https://www.lazada.co.id/products/pdp-i7364802674.html
"Samsung Galaxy S24 fe new 8/256 GB gratis: anti scratch, soft case",6199000,0.0,0,Kota Bandung,https://www.lazada.co.id/products/pdp-i8755252684.html
Samsung Galaxy A56 5G 8/256GB & 12/256GB-1 year official warranty,5475000,0.0,47,Kota Jakarta Barat,https://www.lazada.co.id/products/pdp-i8400854871.html
Samsung Galaxy A54 5G adalah smartphone,3050000,0.0,0,Kota Jakarta Timur,https://www.lazada.co.id/products/pdp-i8319914794.html
Samsung Galaxy A05S A04S Ram 6/128 A04 / A04E Gb Fullset Camera 50Mp - Free Sim Card,950000,0.05,14,Kota Jakarta Selatan,https://www.lazada.co.id/products/pdp-i7902424267.html
Samsung A07 8/256 A06 5g 6/128 A06 6/128 4/128 4/64 Side Fingerprint Official Warranty Samsung Indonesia,1299000,0.0,154,Kab. Sukabumi,https://www.lazada.co.id/products/pdp-i5985612189.html
Samsung A07 4/64,1500000,0.0,0,Kab. Bekasi,https://www.lazada.co.id/products/pdp-i8767774805.html
New Samsung Gt-E1272 {1 Year Warranty} Dual Sim Folding Phone,161271,0.02,1600,Kota Jakarta Utara,https://www.lazada.co.id/products/pdp-i5683138433.html
Tablet Tab Samsung tab 3 T211 Ram 1gb NORMAL BERGARANSI,255000,0.14,24,Kab. Cirebon,https://www.lazada.co.id/products/pdp-i8207968641.html
DIOBRAL MURAH MERIAH HP SAMSUNG GALAXI V//V+ NORMAL SIAP PAKAI SECOND BERKUALITAS DESAIN RAMPING DAN MUDAH DI BAWA,50000,0.0,127,Kab. Cirebon,https://www.lazada.co.id/products/pdp-i8088950325.html
PROMO BELI 1GRATIS 1 HEADSET SAMSUNG COPOTAN 100% COLOKAN SILVER MADE IN VIETNAM NON PACK Audio / Headphone & Headset / Headphone On-Ear,35000,0.0,6100,Kota Jakarta Barat,https://www.lazada.co.id/products/pdp-i5968304420.html
Headset Samsung Orignal 100% Handsfree / Headphones / Earphone / Haedset Galaxy Young samsung j1/ ace samsung a02 a03 Gallery Gadget - Putih,12125,0.73,16400,Kota Jakarta Utara,https://www.lazada.co.id/products/pdp-i380823363.html
samsung galaxy j2 prem 4g G532G all operator normal second,180000,0.0,5,Kab. Cirebon,https://www.lazada.co.id/products/pdp-i8139268607.html
Galaxy A56 5G smartphone Ram 8/256 GB 1 year warranty Gress seal and new,1929901,0.26,52,Kota Tasikmalaya,https://www.lazada.co.id/products/pdp-i8739004701.html
Samsung A07 8/256GB a05s 6/128 & A05 4/64 4/128 6/128 original Samsung-store,1050000,0.25,39,Kota Jakarta Selatan,https://www.lazada.co.id/products/pdp-i7966292511.html
Samsung A16 5g Amoled Screen Nfc Ram 8+256 Gb Fast Charging 30 Minutes Full (Free Travel Adapter) 1 Year Warranty (Replacement for A15),2095000,0.16,184,Kota Depok,https://www.lazada.co.id/products/pdp-i7334928485.html
Samsung Galaxy A15 5g & A15 4g Ram 8/256Gb,1850000,0.08,312,Kota Jakarta Selatan,https://www.lazada.co.id/products/pdp-i8183646339.html
samsung galaxy a54 5g 8/256gb,4000000,0.0,7,Kota Jakarta Timur,https://www.lazada.co.id/products/pdp-i7675280003.html
"Samsung A17 Nfc 8+8/ 256 Gb, Super Amoled Screen, 5000 Mah Battery, Free Travel Adapter, 1 Year Official Warranty",2199000,0.12,25,Kota Depok,https://www.lazada.co.id/products/pdp-i5705386083.html
PROMO !! Samsung NOTE 9 8/512GB & 6/128GB  SEIN ORIGINAL Like New Fullset - PROMO PROMO PROMO !! FLASH SALE !,3022150,0.05,21,Kota Jakarta Barat,https://www.lazada.co.id/products/pdp-i8183432280.html
Samsung GALAXY Z flip 6,8000000,0.0,0,Kab. Bogor,https://www.lazada.co.id/products/pdp-i8709766822.html
"Original turn signal Samsung Z fold 5 256 GB mobile phone, first hand use",9500000,0.0,0,Kab. Bekasi,https://www.lazada.co.id/products/pdp-i8781414511.html
Samsung Galaxy M56 Ram 8/256Gb 5g New Product 12 Month Guarantee,1979010,0.34,0,Kota Jakarta Barat,https://www.lazada.co.id/products/pdp-i8736736022.html
Hp Samsung Galaxy A05,1400000,0.0,7,Kab. Tasikmalaya,https://www.lazada.co.id/products/pdp-i7867306119.html
[Free Gift] Samsung Galaxy S24 FE 8/256GB,99999999,0.0,0,Kab. Tangerang,https://www.lazada.co.id/products/pdp-i8412862989.html
Samsung Galaxy A07 4/64GB power pack-1 year official warranty,1310000,0.0,65,Kota Jakarta Barat,https://www.lazada.co.id/products/pdp-i8790696466.html
"Free Samsung Galaxy A56 5G: anti-scratch, soft case",3999000,0.0,0,Kota Bandung,https://www.lazada.co.id/products/pdp-i8750578667.html
samsung,250000,0.0,0,Kota Jakarta Selatan,https://www.lazada.co.id/products/pdp-i8068342329.html
SAMSUNG A25 5G 8/128,3699000,0.03,0,Kota Surabaya,https://www.lazada.co.id/products/pdp-i8312574092.html
Samsung Galaxy S24 FE Resmi Indonesia Black 128GB,9850000,0.0,0,Kota Denpasar,https://www.lazada.co.id/products/pdp-i8773754631.html
Samsung a Series 5g,3650000,0.0,0,Kab. Gresik,https://www.lazada.co.id/products/pdp-i7724198415.html
Samsung Galaxy A55 5G [ 8GB+256GB] [12GB+256GB] Garansi Resmi Sein 1 Tahun,5700000,0.0,0,Kota Bandar Lampung,https://www.lazada.co.id/products/pdp-i8381522950.html
12/256 new Samsung A56 5g,9000000,0.0,0,Kab. Bogor,https://www.lazada.co.id/products/pdp-i8783130169.html
Samsung A07 4/64 GB RAM,1500000,0.0,0,Kab. Bogor,https://www.lazada.co.id/products/pdp-i8797834490.html
Samsung Fold 4 Ram 12/512 Signal,14000000,0.0,0,Kab. Bekasi,https://www.lazada.co.id/products/pdp-i8757158483.html
Samsung Galaxy J3 Prime 4G Second Normal,285000,0.41,0,Kab. Demak,https://www.lazada.co.id/products/pdp-i7923274189.html
Samsung galxy M02,2000000,0.0,0,Kota Depok,https://www.lazada.co.id/products/pdp-i7749446667.html
SAMSUNG A15 5G 8/128,3399000,0.03,0,Kota Surabaya,https://www.lazada.co.id/products/pdp-i8312428990.html
SAMSUNG GALAXY A32 6/128GB GARANSI SEIN,2291211,0.62,48,Kota Jakarta Barat,https://www.lazada.co.id/products/pdp-i7081630761.html
Samsung a01 2/16 original,1001000,0.0,12,Kab. Bogor,https://www.lazada.co.id/products/pdp-i8721088509.html
SAMSUNG A35 5G 8/128,4699000,0.02,0,Kota Surabaya,https://www.lazada.co.id/products/pdp-i8312482720.html
Flash Sale Samsung Note 20 Ultra 256Gb Used Full Set Normal,2449000,0.0,0,Kota Bandung,https://www.lazada.co.id/products/pdp-i8755040692.html
Samsung Galaxy A56 5G 8/256 12/256,4900500,0.01,0,Kota Jakarta Barat,https://www.lazada.co.id/products/pdp-i8812398750.html
SAMSUNG S7 EDGE 4/32GB EX SEIN FULLSET,1950000,0.61,6,Kota Jakarta Barat,https://www.lazada.co.id/products/pdp-i6960876890.html
Samsung A06 Ram 6 + 128 + Batok chargert bonus 5 item will definitely get it. original IMEI listed by Ministry of Industry,1195000,0.2,15,Kab. Sukabumi,https://www.lazada.co.id/products/pdp-i8414960700.html
Samsung Galaxy M15 5g 6/128Gb,2185000,0.03,0,Kota Jakarta Barat,https://www.lazada.co.id/products/pdp-i8763970420.html
SAMSUNG galaxi A25 5G,3999000,0.0,0,Kab. Pekalongan,https://www.lazada.co.id/products/pdp-i8374322439.html
100K Samsung gaalaxi V + HP good seamless second ready to use,50000,0.0,21,Kab. Cirebon,https://www.lazada.co.id/products/pdp-i8761754497.html
Samsung Galaxy A8 2015 (Sm-A800L) Second Hand Normal 3/32,185000,0.26,0,Kab. Cirebon,https://www.lazada.co.id/products/pdp-i8823992487.html
samsung galaxy y handphone S5360 normal seconddd,96000,0.04,6,Kab. Cirebon,https://www.lazada.co.id/products/pdp-i7961910634.html
Samsung Young 2 NEW G310H NORMAL,125000,0.24,0,Kab. Cirebon,https://www.lazada.co.id/products/pdp-i8668810451.html
Sale of Cheap Samsung Galaxy V V+ Normal Hp Ready to Use Second Quality,97900,0.02,0,Kab. Cirebon,https://www.lazada.co.id/products/pdp-i8736096666.html
Samsung A06 5G NFC Ram 12 + 128 GB (6 + 6 GB) 50 mp camera free travel adapter official warranty,1345000,0.16,91,Kab. Bogor,https://www.lazada.co.id/products/pdp-i6096426821.html
Samsung galaxy A02 Ram 3/32 nominus masih mulus fullshet second rasa baru garansi resmi Indonesia,800000,0.2,9,Kab. Bogor,https://www.lazada.co.id/products/pdp-i6367002719.html
Samsung Galaxy A55 5G 12/256GB 8/256GB,4250000,0.0,20,Kota Jakarta Barat,https://www.lazada.co.id/products/pdp-i8605270666.html
Samsung Galaxy A23 Ram 6/128 Gb 4g & 5g Fullshet Completeness - Guaranteed,1600000,0.11,228,Kota Jakarta Selatan,https://www.lazada.co.id/products/pdp-i7103186731.html
Samsung Galaxy A16 5g 8/256 Gb,2550000,0.15,11,Kota Jakarta Barat,https://www.lazada.co.id/products/pdp-i8725376011.html
samsung a53 5g,6400000,0.02,6,Kota Jakarta Selatan,https://www.lazada.co.id/products/pdp-i7220794590.html
Samsung Galaxy A07 6/128GB - Black,2480000,0.2,0,Kab. Pati,https://www.lazada.co.id/products/pdp-i8815314057.html
Samsung Galaxy A55 5g,7000000,0.0,0,Kota Bekasi,https://www.lazada.co.id/products/pdp-i8263834686.html
SAMSUNG A34 5G 8/256,4499000,0.02,0,Kota Surabaya,https://www.lazada.co.id/products/pdp-i8312580087.html
Samsung Galaxy A55 5G 8/256 GB Awesome Ice Blue New product,5500000,0.0,0,Kota Jakarta Timur,https://www.lazada.co.id/products/pdp-i8701860902.html
Samsung Galaxy Z Flip 3 5G 128GB 256GB Cream Black Green SEIN,16000000,0.0,0,Kota Cilegon,https://www.lazada.co.id/products/pdp-i6892376522.html
Samsung Galaxy S24 FE 8/256GB - Blue,9999000,0.0,34,Kab. Tangerang,https://www.lazada.co.id/products/pdp-i8250412555.html
SAMSUNG GALAXY S20 PLUS 5G Ram 8/128 GB,6500000,0.0,0,Kab. Situbondo,https://www.lazada.co.id/products/pdp-i7981200544.html
Samsung galaxy a55,5500000,0.0,0,Kab. Tangerang,https://www.lazada.co.id/products/pdp-i8378446279.html
"Second Samsung S25 Ultra - 12 256 Gb (Full Set Original, Minus Thin Body Dent)",16500000,0.01,0,Kab. Trenggalek,https://www.lazada.co.id/products/pdp-i8706608921.html
Samsung Galaxy A07 [4GB + 64GB] [4GB + 128GB] | Power Pack bundle | free travel adaptor,1100000,0.0,0,Kota Jakarta Barat,https://www.lazada.co.id/products/pdp-i8822604255.html
SAMSUNG A22 5G 6 128GB MURAH GARANSI RESMI 1 TAHUN,3348000,0.0,0,Kab. Bengkalis,https://www.lazada.co.id/products/pdp-i5819518024.html
Samsung galaxy A55,6100000,0.0,0,Kab. Nganjuk,https://www.lazada.co.id/products/pdp-i8404838670.html
Samsung Galaxy S10 8/128 GB TRIPLE KAMERA FULLSET RAM 8GB ROM 128GB / BISA COD,3691211,0.38,31,Kota Jakarta Barat,https://www.lazada.co.id/products/pdp-i6962606890.html
Samsung Galaxy S25 Ultra Garansi Resmi,18991200,0.0,0,Kota Jakarta Pusat,https://www.lazada.co.id/products/pdp-i8365276580.html
Samsung A10S Ram 2/32 second Rasa baru,800000,0.27,27,Kab. Bogor,https://www.lazada.co.id/products/pdp-i6361318527.html
Samsung Galaxy A05 4/64 4/128 6/128 Ram 4 6 Rom 64 128 Gb 4Gb 6Gb 128g - Turn Signal Warranty,1050000,0.19,11,Kota Jakarta Selatan,https://www.lazada.co.id/products/pdp-i8208896179.html
Samsung Galaxy A56 5G,8000000,0.0,0,Kota Bogor,https://www.lazada.co.id/products/pdp-i8627464416.html
Samsung Galaxy A25 5g & A23 5g Ram 8/256 Gb 5g & 8/128 Gb 5g - Guaranteed,1600000,0.06,19,Kota Jakarta Selatan,https://www.lazada.co.id/products/pdp-i7968908096.html
Samsung Galaxy A16 4G 8/128GB & 8/256GB-1 year official warranty,2510000,0.0,168,Kota Jakarta Barat,https://www.lazada.co.id/products/pdp-i8320516071.html
PROMO !!!  SAMSUNG GALAXY NOTE 20 8/256gb GARANSI RESMI SEIN,5553331,0.57,14,Kota Jakarta Barat,https://www.lazada.co.id/products/pdp-i7691438875.html
Samsung Galaxy A06 50Mp Main Camera 25W Fast Charging Warranty - Black 6/128 Gb,1030000,0.06,6,Kota Jakarta Selatan,https://www.lazada.co.id/products/pdp-i8400394609.html
Samsung S24 Ultra,15400000,0.0,0,Kota Jakarta Timur,https://www.lazada.co.id/products/pdp-i8746366935.html
Samsung Galaxy A07 8/256 Gb - Helio G99 - 6.7Inch Pls Lcd - Can Cod,1899000,0.14,0,Kab. Madiun,https://www.lazada.co.id/products/pdp-i8789340270.html
Samsung S22 ultra,7350000,0.0,0,Kota Sukabumi,https://www.lazada.co.id/products/pdp-i8397022011.html
PROMO DISKON ! Samsung NOTE 8 - RAM 6/64GB FULLSET - ORIGINAL SEIN - PROMO CUCI GUDANG HARI INI,2595222,0.71,56,Kota Jakarta Barat,https://www.lazada.co.id/products/pdp-i6940352282.html
"Samsung Galaxy A06 4g 4/64Gb |   4/128Gb 6.7 Inch 5000 Mah Helio G85 - Warranty - Light Blue, 4/64Gb",1060000,0.04,0,Kota Jakarta Selatan,https://www.lazada.co.id/products/pdp-i8364754148.html
Hp Samsung lipat Galaxy Folder 2 G1650 bisa W ADual Sim Keypad Flip Lipat Termurah,999889,0.67,15,Kota Jakarta Barat,https://www.lazada.co.id/products/pdp-i8331642605.html
Samsung Galaxy S25 Ultra 12/512Gb - Titanium Silverblue |   Ai Smartphone |   Galaxy Ai |   200Mp Camera |   Snapdragon 8 Elite Processor |   S Pen,21499000,0.14,6,Kab. Tangerang,https://www.lazada.co.id/products/pdp-i8345036973.html
Samsung Galaxy A32 8/128GB 6/128GB  GARANSI RESMI ORIGINAL SEIN FULLSET,2495211,0.64,15,Kota Jakarta Barat,https://www.lazada.co.id/products/pdp-i7035252281.html
DIJUAL SAMSUNG GALAXY V SECOND NORMAL SIAP PAKAI//DI JAMIN OKE HP SAMSUNG GALAXY V{G313HZ} // HP SAMSUNG GALAXY SECOND BERKUALITAS // HP NORMAL SIAP PAKAI // HP SECOND NO KENDALA// BISA BAYAR DITEMPAT,100000,0.0,40,Kab. Cirebon,https://www.lazada.co.id/products/pdp-i8217246098.html
Headset Samsung original 100% Hedset super bass / Full Bass GH59 Earphone Handsfree Hedset samsung ori A50 J7 Prime A03 A02 A04 j2 prime,14065,0.56,15500,Kota Jakarta Utara,https://www.lazada.co.id/products/pdp-i329659363.html
"Samsung ADAPTOR Fast Charging 25 Watt Type C To Type C EP-TA800 Original For Samsung Galaxy A05, A05s, A15, A15 5G, A23, A24 4G, A25, A33 5G, A34, A35, A52 5G, A52s 5G, A53 5G, A54, A55, A70, A71, A71 5G, A72, A73 5G, A80, A90 5G, 20+ , S20 5G , S20+ 5G",69400,0.27,651,Kota Jakarta Utara,https://www.lazada.co.id/products/pdp-i7294078125.html
Samsung Galaxy A14 Ram 6/128Gb Smartphone 4g Let Cellphone 6.6Inch Dual Sim 50Mp+13Mp Mobile Phones,1093000,0.57,226,Kab. Tangerang,https://www.lazada.co.id/products/pdp-i8141362582.html
[PROMO] samsung Caramel GT-E1272 Flip + Bonus Headset  - NEW SEGEL,189890,0.27,1300,Kab. Bogor,https://www.lazada.co.id/products/pdp-i644924303.html
Samsung Super Fast Charging Charger 45 Watt Made in Vietnam Type C White High Quality Built-In Hp Charger 45W Ep-Ta845,95144,0.52,274,Kota Serang,https://www.lazada.co.id/products/pdp-i7723940185.html
"Samsung Cellphone Model Sm-G531H/Ds Is On, but the Account Is Locked, Used.",50000,0.0,0,Kab. Nganjuk,https://www.lazada.co.id/products/pdp-i8810520208.html
[PROMO] Samsung Caramel GT-E1272 Flip + Bonus Headset  - NEW SEGEL,185890,0.38,278,Kab. Bogor,https://www.lazada.co.id/products/pdp-i644458580.html
[LIKE NEW] SAMSUNG GALAXY A04E | 3+64GB vs 3+32GB | FULLSET ORIGINAL RESMI,799000,0.33,208,Kab. Madiun,https://www.lazada.co.id/products/pdp-i7225896710.html
SAMSUNG GALAXY A04 vs A04e 3gb/32gb | BATTERY Li-Po 5000 mAh | RESMI ORIGINAL,799000,0.33,50,Kab. Madiun,https://www.lazada.co.id/products/pdp-i7072952853.html
Samsung Galaxy A06 & A07 Ram 4/64 GB - 8/256 GB Helio G99-for sale,1030000,0.02,0,Kota Jakarta Selatan,https://www.lazada.co.id/products/pdp-i8756468411.html
Samsung Galaxy Note FE 64GB-S Pen normal-30 days warranty,496684,0.0,14,Kota Depok,https://www.lazada.co.id/products/pdp-i8672982072.html
"Samsung Galaxy A03 ,A04 & a04s Ram 4/128 GB Battery Type Li-Po 5000 mAh-warranty",950000,0.05,19,Kota Jakarta Selatan,https://www.lazada.co.id/products/pdp-i7428852765.html
samsung handphone GT-C3592 normal second,190000,0.0,0,Kab. Cirebon,https://www.lazada.co.id/products/pdp-i7908060811.html
Samsung Galaxy M12 3GB/32GB - 48MP [TERMURAH],899000,0.31,32,Kab. Madiun,https://www.lazada.co.id/products/pdp-i5502958732.html
Samsung Galaxy A03 Ram 4/64Gb Fullset (Second),769000,0.0,0,Kab. Kuningan,https://www.lazada.co.id/products/pdp-i8819074879.html
Samsung Galaxy A06 5G 6/128GB-1 year official warranty,2020000,0.0,31,Kota Jakarta Barat,https://www.lazada.co.id/products/pdp-i8602220422.html
Samsung A04E cellphone,555000,0.21,0,Kab. Majalengka,https://www.lazada.co.id/products/pdp-i8794548986.html
"Cellphone! !! Samsung Galaxy A05, A04S, A04 - Ram 6 Gb Rom 128 Gb - 3/32 Gb, Promo",950000,0.05,5,Kota Jakarta Selatan,https://www.lazada.co.id/products/pdp-i8380260555.html
Samsung Galaxy A05s 6/128GB Snapdragon 680,1600000,0.0,186,Kota Jakarta Barat,https://www.lazada.co.id/products/pdp-i8246868434.html
Samsung m30 4/64,1755000,0.0,0,Kab. Pandeglang,https://www.lazada.co.id/products/pdp-i7314374587.html
hp samsung a 05s,3500000,0.0,0,Kota Bogor,https://www.lazada.co.id/products/pdp-i8388496188.html
SAMSUNG GALAXY A53 5G 8/128GB - 8/256GB & A52 NEW,3600000,0.0,0,Kota Jakarta Timur,https://www.lazada.co.id/products/pdp-i7688244326.html
SAMSUNG E1272 - DUAL SIM GARANSI,189934,0.24,6,Kab. Bogor,https://www.lazada.co.id/products/pdp-i8099688533.html
Samsung Galaxy A55 5g 12/256 Vs 8/256 Vs 8/128 Gb - Exynos 1480 4Nm Octa Core - 50Mp + 12Mp + 5Mp Camera - Secured with Samsung Knox Vault,3995640,0.2,11,Kab. Madiun,https://www.lazada.co.id/products/pdp-i8353314377.html
Samsung a21s original seken cellphone Ram 4 64,1200000,0.0,0,Kab. Kediri,https://www.lazada.co.id/products/pdp-i8808576153.html
"The Cellphone Can Be Used for Youtube and Whatsapp, the Samsung J5 and Samsung J500.",225000,0.0,0,Kab. Klaten,https://www.lazada.co.id/products/pdp-i8820862862.html
Samsung Galaxy S9+ S9 Plus NOMINUS MASIH MULUS ORI RESMI,2475000,0.38,9,Kab. Bogor,https://www.lazada.co.id/products/pdp-i6776368267.html
Flash Sale Promotion! !! Samsung Galaxy A07 Lte 8/256Gb,1200000,0.0,0,Kota Jakarta Barat,https://www.lazada.co.id/products/pdp-i8745214882.html
Smartphone Android Galaxy A14 Ram 6/128 Gb 1 Year Warranty Sealed and New,1299000,0.35,0,Kota Jakarta Barat,https://www.lazada.co.id/products/pdp-i8816926959.html
[PROMO] SAMSUNG GALAXY A13 - 4GB/128GB - RESMI TERMURAH - [BISA COD],1149000,0.36,38,Kab. Madiun,https://www.lazada.co.id/products/pdp-i7177920117.html
"Samsung Galaxy A55 5g official warranty store-Navy, 8/256GB",4500000,0.02,59,Kota Jakarta Selatan,https://www.lazada.co.id/products/pdp-i8292844119.html
samsung,150000,0.0,0,Kota Medan,https://www.lazada.co.id/products/pdp-i8114068812.html
"Samsung Galaxy A07 8+8/256Gb Helio G99 | 6.7\\\"" Pls Lcd |   90Hz Refresh Rate |   Ip54",2299000,0.0,0,Kab. Demak,https://www.lazada.co.id/products/pdp-i8806756448.html
SAMSUNG GALAXY A13 - 6gb/128gb  - RESMI TERMURAH - [BISA COD],1249000,0.38,11,Kab. Madiun,https://www.lazada.co.id/products/pdp-i7388268946.html
Samsung Galaxy A33 5g Ram 8/256 Gb Warranty - Promo,2190000,0.0,15,Kota Jakarta Selatan,https://www.lazada.co.id/products/pdp-i7167998062.html
SAMSUNG A55 BARU SEGEL,5500000,0.0,0,Kota Surakarta (Solo),https://www.lazada.co.id/products/pdp-i8306494600.html
Samsung Galaxy A16 8/128 GB - Gray,2372680,0.21,0,Kota Surabaya,https://www.lazada.co.id/products/pdp-i8677906306.html
"Samsung A03S Machine, Ram 4/64, Machine Starts up Without a Pattern.",375000,0.0,0,Kota Bandung,https://www.lazada.co.id/products/pdp-i8756316948.html
Samsung a12 Ram 6/128 mulus masih ori gransi resmi Indonesia,1225000,0.0,0,Kab. Bogor,https://www.lazada.co.id/products/pdp-i7435874873.html
